{"cameraMode":{"drawMode":0,"name":"Shaded","section":"Shading Mode"},"sceneLighting":true,"audioPlay":false,"sceneViewState":{"showFog":false,"showMaterialUpdate":false,"showSkybox":false,"showFlares":false,"showImageEffects":false,"showParticleSystems":false},"in2DMode":false,"pivot":{"x":200.4582977294922,"y":226.7436981201172,"z":83.65335083007813},"rotation":{"x":0.11023149639368057,"y":0.11503936350345612,"z":-0.0029978614766150715,"w":0.9873743653297424},"size":601.9963989257813,"orthographic":false}