{"cameraMode":{"drawMode":0,"name":"Shaded","section":"Shading Mode"},"sceneLighting":false,"audioPlay":false,"sceneViewState":{"showFog":true,"showMaterialUpdate":false,"showSkybox":false,"showFlares":true,"showImageEffects":true,"showParticleSystems":true},"in2DMode":false,"pivot":{"x":4.482555866241455,"y":7.704075336456299,"z":0.8292481899261475},"rotation":{"x":0.16858811676502229,"y":-0.13055633008480073,"z":0.030881322920322419,"w":0.9765956401824951},"size":3.2913730144500734,"orthographic":false}