{"cameraMode":{"drawMode":0,"name":"Shaded","section":"Shading Mode"},"sceneLighting":false,"audioPlay":false,"sceneViewState":{"showFog":true,"showMaterialUpdate":false,"showSkybox":false,"showFlares":true,"showImageEffects":true,"showParticleSystems":true},"in2DMode":false,"pivot":{"x":0.9692018032073975,"y":13.732726097106934,"z":-1.0728559494018555},"rotation":{"x":-0.2112760841846466,"y":-0.2740848660469055,"z":-0.053148604929447177,"w":0.9368202090263367},"size":4.940229415893555,"orthographic":false}