{"cameraMode":{"drawMode":0,"name":"Shaded","section":"Shading Mode"},"sceneLighting":false,"audioPlay":false,"sceneViewState":{"showFog":false,"showMaterialUpdate":false,"showSkybox":false,"showFlares":false,"showImageEffects":false,"showParticleSystems":false},"in2DMode":false,"pivot":{"x":0.09176366776227951,"y":0.3203279972076416,"z":-0.07326889038085938},"rotation":{"x":-0.13992218673229218,"y":0.0054804603569209579,"z":0.010594521649181843,"w":0.9902281761169434},"size":3.045234203338623,"orthographic":false}